Index,Season,HomeTeam,AwayTeam,HomeGoals,AwayGoals,Result,day_of_week
0,2023/24,Burnley,Man City,0,3,A,Friday
1,2023/24,Arsenal,Nott'm Forest,2,1,H,Saturday
2,2023/24,Bournemouth,West Ham,1,1,D,Saturday
3,2023/24,Brighton,Luton,4,1,H,Saturday
4,2023/24,Everton,Fulham,0,1,A,Saturday
5,2023/24,Sheffield United,Crystal Palace,0,1,A,Saturday
6,2023/24,Newcastle,Aston Villa,5,1,H,Saturday
7,2023/24,Brentford,Tottenham,2,2,D,Sunday
8,2023/24,Chelsea,Liverpool,1,1,D,Sunday
9,2023/24,Man United,Wolves,1,0,H,Monday
10,2023/24,Nott'm Forest,Sheffield United,2,1,H,Friday
11,2023/24,Fulham,Brentford,0,3,A,Saturday
12,2023/24,Liverpool,Bournemouth,3,1,H,Saturday
13,2023/24,Wolves,Brighton,1,4,A,Saturday
14,2023/24,Tottenham,Man United,2,0,H,Saturday
15,2023/24,Man City,Newcastle,1,0,H,Saturday
16,2023/24,Aston Villa,Everton,4,0,H,Sunday
17,2023/24,West Ham,Chelsea,3,1,H,Sunday
18,2023/24,Crystal Palace,Arsenal,0,1,A,Monday
19,2023/24,Chelsea,Luton,3,0,H,Friday
20,2023/24,Bournemouth,Tottenham,0,2,A,Saturday
21,2023/24,Arsenal,Fulham,2,2,D,Saturday
22,2023/24,Brentford,Crystal Palace,1,1,D,Saturday
23,2023/24,Everton,Wolves,0,1,A,Saturday
24,2023/24,Man United,Nott'm Forest,3,2,H,Saturday
25,2023/24,Brighton,West Ham,1,3,A,Saturday
26,2023/24,Burnley,Aston Villa,1,3,A,Sunday
27,2023/24,Sheffield United,Man City,1,2,A,Sunday
28,2023/24,Newcastle,Liverpool,1,2,A,Sunday
29,2023/24,Luton,West Ham,1,2,A,Friday
30,2023/24,Sheffield United,Everton,2,2,D,Saturday
31,2023/24,Brentford,Bournemouth,2,2,D,Saturday
32,2023/24,Burnley,Tottenham,2,5,A,Saturday
33,2023/24,Chelsea,Nott'm Forest,0,1,A,Saturday
34,2023/24,Man City,Fulham,5,1,H,Saturday
35,2023/24,Brighton,Newcastle,3,1,H,Saturday
36,2023/24,Crystal Palace,Wolves,3,2,H,Sunday
37,2023/24,Liverpool,Aston Villa,3,0,H,Sunday
38,2023/24,Arsenal,Man United,3,1,H,Sunday
39,2023/24,Wolves,Liverpool,1,3,A,Saturday
40,2023/24,Aston Villa,Crystal Palace,3,1,H,Saturday
41,2023/24,Fulham,Luton,1,0,H,Saturday
42,2023/24,Man United,Brighton,1,3,A,Saturday
43,2023/24,Tottenham,Sheffield United,2,1,H,Saturday
44,2023/24,West Ham,Man City,1,3,A,Saturday
45,2023/24,Newcastle,Brentford,1,0,H,Saturday
46,2023/24,Bournemouth,Chelsea,0,0,D,Sunday
47,2023/24,Everton,Arsenal,0,1,A,Sunday
48,2023/24,Nott'm Forest,Burnley,1,1,D,Monday
49,2023/24,Crystal Palace,Fulham,0,0,D,Saturday
50,2023/24,Luton,Wolves,1,1,D,Saturday
51,2023/24,Man City,Nott'm Forest,2,0,H,Saturday
52,2023/24,Brentford,Everton,1,3,A,Saturday
53,2023/24,Burnley,Man United,0,1,A,Saturday
54,2023/24,Arsenal,Tottenham,2,2,D,Sunday
55,2023/24,Brighton,Bournemouth,3,1,H,Sunday
56,2023/24,Chelsea,Aston Villa,0,1,A,Sunday
57,2023/24,Liverpool,West Ham,3,1,H,Sunday
58,2023/24,Sheffield United,Newcastle,0,8,A,Sunday
59,2023/24,Aston Villa,Brighton,6,1,H,Saturday
60,2023/24,Bournemouth,Arsenal,0,4,A,Saturday
61,2023/24,Everton,Luton,1,2,A,Saturday
62,2023/24,Man United,Crystal Palace,0,1,A,Saturday
63,2023/24,Newcastle,Burnley,2,0,H,Saturday
64,2023/24,West Ham,Sheffield United,2,0,H,Saturday
65,2023/24,Wolves,Man City,2,1,H,Saturday
66,2023/24,Tottenham,Liverpool,2,1,H,Saturday
67,2023/24,Nott'm Forest,Brentford,1,1,D,Sunday
68,2023/24,Fulham,Chelsea,0,2,A,Monday
69,2023/24,Luton,Burnley,1,2,A,Tuesday
70,2023/24,Luton,Tottenham,0,1,A,Saturday
71,2023/24,Burnley,Chelsea,1,4,A,Saturday
72,2023/24,Everton,Bournemouth,3,0,H,Saturday
73,2023/24,Fulham,Sheffield United,3,1,H,Saturday
74,2023/24,Man United,Brentford,2,1,H,Saturday
75,2023/24,Crystal Palace,Nott'm Forest,0,0,D,Saturday
76,2023/24,Brighton,Liverpool,2,2,D,Sunday
77,2023/24,West Ham,Newcastle,2,2,D,Sunday
78,2023/24,Wolves,Aston Villa,1,1,D,Sunday
79,2023/24,Arsenal,Man City,1,0,H,Sunday
80,2023/24,Liverpool,Everton,2,0,H,Saturday
81,2023/24,Bournemouth,Wolves,1,2,A,Saturday
82,2023/24,Brentford,Burnley,3,0,H,Saturday
83,2023/24,Man City,Brighton,2,1,H,Saturday
84,2023/24,Newcastle,Crystal Palace,4,0,H,Saturday
85,2023/24,Nott'm Forest,Luton,2,2,D,Saturday
86,2023/24,Chelsea,Arsenal,2,2,D,Saturday
87,2023/24,Sheffield United,Man United,1,2,A,Saturday
88,2023/24,Aston Villa,West Ham,4,1,H,Sunday
89,2023/24,Tottenham,Fulham,2,0,H,Monday
90,2023/24,Crystal Palace,Tottenham,1,2,A,Friday
91,2023/24,Chelsea,Brentford,0,2,A,Saturday
92,2023/24,Arsenal,Sheffield United,5,0,H,Saturday
93,2023/24,Bournemouth,Burnley,2,1,H,Saturday
94,2023/24,Wolves,Newcastle,2,2,D,Saturday
95,2023/24,West Ham,Everton,0,1,A,Sunday
96,2023/24,Aston Villa,Luton,3,1,H,Sunday
97,2023/24,Brighton,Fulham,1,1,D,Sunday
98,2023/24,Liverpool,Nott'm Forest,3,0,H,Sunday
99,2023/24,Man United,Man City,0,3,A,Sunday
100,2023/24,Fulham,Man United,0,1,A,Saturday
101,2023/24,Brentford,West Ham,3,2,H,Saturday
102,2023/24,Burnley,Crystal Palace,0,2,A,Saturday
103,2023/24,Everton,Brighton,1,1,D,Saturday
104,2023/24,Man City,Bournemouth,6,1,H,Saturday
105,2023/24,Sheffield United,Wolves,2,1,H,Saturday
106,2023/24,Newcastle,Arsenal,1,0,H,Saturday
107,2023/24,Nott'm Forest,Aston Villa,2,0,H,Sunday
108,2023/24,Luton,Liverpool,1,1,D,Sunday
109,2023/24,Tottenham,Chelsea,1,4,A,Monday
110,2023/24,Wolves,Tottenham,2,1,H,Saturday
111,2023/24,Arsenal,Burnley,3,1,H,Saturday
112,2023/24,Crystal Palace,Everton,2,3,A,Saturday
113,2023/24,Man United,Luton,1,0,H,Saturday
114,2023/24,Bournemouth,Newcastle,2,0,H,Saturday
115,2023/24,Aston Villa,Fulham,3,1,H,Sunday
116,2023/24,Brighton,Sheffield United,1,1,D,Sunday
117,2023/24,Liverpool,Brentford,3,0,H,Sunday
118,2023/24,West Ham,Nott'm Forest,3,2,H,Sunday
119,2023/24,Chelsea,Man City,4,4,D,Sunday
120,2023/24,Man City,Liverpool,1,1,D,Saturday
121,2023/24,Burnley,West Ham,1,2,A,Saturday
122,2023/24,Luton,Crystal Palace,2,1,H,Saturday
123,2023/24,Newcastle,Chelsea,4,1,H,Saturday
124,2023/24,Nott'm Forest,Brighton,2,3,A,Saturday
125,2023/24,Sheffield United,Bournemouth,1,3,A,Saturday
126,2023/24,Brentford,Arsenal,0,1,A,Saturday
127,2023/24,Tottenham,Aston Villa,1,2,A,Sunday
128,2023/24,Everton,Man United,0,3,A,Sunday
129,2023/24,Fulham,Wolves,3,2,H,Monday
130,2023/24,Arsenal,Wolves,2,1,H,Saturday
131,2023/24,Brentford,Luton,3,1,H,Saturday
132,2023/24,Burnley,Sheffield United,5,0,H,Saturday
133,2023/24,Nott'm Forest,Everton,0,1,A,Saturday
134,2023/24,Newcastle,Man United,1,0,H,Saturday
135,2023/24,Bournemouth,Aston Villa,2,2,D,Sunday
136,2023/24,Chelsea,Brighton,3,2,H,Sunday
137,2023/24,Liverpool,Fulham,4,3,H,Sunday
138,2023/24,West Ham,Crystal Palace,1,1,D,Sunday
139,2023/24,Man City,Tottenham,3,3,D,Sunday
140,2023/24,Wolves,Burnley,1,0,H,Tuesday
141,2023/24,Luton,Arsenal,3,4,A,Tuesday
142,2023/24,Brighton,Brentford,2,1,H,Wednesday
143,2023/24,Crystal Palace,Bournemouth,0,2,A,Wednesday
144,2023/24,Fulham,Nott'm Forest,5,0,H,Wednesday
145,2023/24,Sheffield United,Liverpool,0,2,A,Wednesday
146,2023/24,Aston Villa,Man City,1,0,H,Wednesday
147,2023/24,Man United,Chelsea,2,1,H,Wednesday
148,2023/24,Everton,Newcastle,3,0,H,Thursday
149,2023/24,Tottenham,West Ham,1,2,A,Thursday
150,2023/24,Crystal Palace,Liverpool,1,2,A,Saturday
151,2023/24,Brighton,Burnley,1,1,D,Saturday
152,2023/24,Man United,Bournemouth,0,3,A,Saturday
153,2023/24,Sheffield United,Brentford,1,0,H,Saturday
154,2023/24,Wolves,Nott'm Forest,1,1,D,Saturday
155,2023/24,Aston Villa,Arsenal,1,0,H,Saturday
156,2023/24,Everton,Chelsea,2,0,H,Sunday
157,2023/24,Fulham,West Ham,5,0,H,Sunday
158,2023/24,Luton,Man City,1,2,A,Sunday
159,2023/24,Tottenham,Newcastle,4,1,H,Sunday
160,2023/24,Nott'm Forest,Tottenham,0,2,A,Friday
161,2023/24,Chelsea,Sheffield United,2,0,H,Saturday
162,2023/24,Man City,Crystal Palace,2,2,D,Saturday
163,2023/24,Newcastle,Fulham,3,0,H,Saturday
164,2023/24,Burnley,Everton,0,2,A,Saturday
165,2023/24,Arsenal,Brighton,2,0,H,Sunday
166,2023/24,Brentford,Aston Villa,1,2,A,Sunday
167,2023/24,West Ham,Wolves,3,0,H,Sunday
168,2023/24,Liverpool,Man United,0,0,D,Sunday
169,2023/24,Crystal Palace,Brighton,1,1,D,Thursday
170,2023/24,Aston Villa,Sheffield United,1,1,D,Friday
171,2023/24,West Ham,Man United,2,0,H,Saturday
172,2023/24,Fulham,Burnley,0,2,A,Saturday
173,2023/24,Luton,Newcastle,1,0,H,Saturday
174,2023/24,Nott'm Forest,Bournemouth,2,3,A,Saturday
175,2023/24,Tottenham,Everton,2,1,H,Saturday
176,2023/24,Liverpool,Arsenal,1,1,D,Saturday
177,2023/24,Wolves,Chelsea,2,1,H,Sunday
178,2023/24,Newcastle,Nott'm Forest,1,3,A,Tuesday
179,2023/24,Bournemouth,Fulham,3,0,H,Tuesday
180,2023/24,Sheffield United,Luton,2,3,A,Tuesday
181,2023/24,Burnley,Liverpool,0,2,A,Tuesday
182,2023/24,Man United,Aston Villa,3,2,H,Tuesday
183,2023/24,Brentford,Wolves,1,4,A,Wednesday
184,2023/24,Chelsea,Crystal Palace,2,1,H,Wednesday
185,2023/24,Everton,Man City,1,3,A,Wednesday
186,2023/24,Brighton,Tottenham,4,2,H,Thursday
187,2023/24,Arsenal,West Ham,0,2,A,Thursday
188,2023/24,Luton,Chelsea,2,3,A,Saturday
189,2023/24,Aston Villa,Burnley,3,2,H,Saturday
190,2023/24,Crystal Palace,Brentford,3,1,H,Saturday
191,2023/24,Man City,Sheffield United,2,0,H,Saturday
192,2023/24,Wolves,Everton,3,0,H,Saturday
193,2023/24,Nott'm Forest,Man United,2,1,H,Saturday
194,2023/24,Fulham,Arsenal,2,1,H,Sunday
195,2023/24,Tottenham,Bournemouth,3,1,H,Sunday
196,2023/24,Liverpool,Newcastle,4,2,H,Monday
197,2023/24,West Ham,Brighton,0,0,D,Tuesday
198,2023/24,Burnley,Luton,1,1,D,Friday
199,2023/24,Chelsea,Fulham,1,0,H,Saturday
200,2023/24,Newcastle,Man City,2,3,A,Saturday
201,2023/24,Everton,Aston Villa,0,0,D,Sunday
202,2023/24,Man United,Tottenham,2,2,D,Sunday
203,2023/24,Arsenal,Crystal Palace,5,0,H,Saturday
204,2023/24,Brentford,Nott'm Forest,3,2,H,Saturday
205,2023/24,Sheffield United,West Ham,2,2,D,Sunday
206,2023/24,Bournemouth,Liverpool,0,4,A,Sunday
207,2023/24,Brighton,Wolves,0,0,D,Monday
208,2023/24,Nott'm Forest,Arsenal,1,2,A,Tuesday
209,2023/24,Fulham,Everton,0,0,D,Tuesday
210,2023/24,Luton,Brighton,4,0,H,Tuesday
211,2023/24,Crystal Palace,Sheffield United,3,2,H,Tuesday
212,2023/24,Aston Villa,Newcastle,1,3,A,Tuesday
213,2023/24,Man City,Burnley,3,1,H,Wednesday
214,2023/24,Tottenham,Brentford,3,2,H,Wednesday
215,2023/24,Liverpool,Chelsea,4,1,H,Wednesday
216,2023/24,West Ham,Bournemouth,1,1,D,Thursday
217,2023/24,Wolves,Man United,3,4,A,Thursday
218,2023/24,Everton,Tottenham,2,2,D,Saturday
219,2023/24,Brighton,Crystal Palace,4,1,H,Saturday
220,2023/24,Burnley,Fulham,2,2,D,Saturday
221,2023/24,Newcastle,Luton,4,4,D,Saturday
222,2023/24,Sheffield United,Aston Villa,0,5,A,Saturday
223,2023/24,Bournemouth,Nott'm Forest,1,1,D,Sunday
224,2023/24,Chelsea,Wolves,2,4,A,Sunday
225,2023/24,Man United,West Ham,3,0,H,Sunday
226,2023/24,Arsenal,Liverpool,3,1,H,Sunday
227,2023/24,Brentford,Man City,1,3,A,Monday
228,2023/24,Man City,Everton,2,0,H,Saturday
229,2023/24,Fulham,Bournemouth,3,1,H,Saturday
230,2023/24,Liverpool,Burnley,3,1,H,Saturday
231,2023/24,Luton,Sheffield United,1,3,A,Saturday
232,2023/24,Tottenham,Brighton,2,1,H,Saturday
233,2023/24,Wolves,Brentford,0,2,A,Saturday
234,2023/24,Nott'm Forest,Newcastle,2,3,A,Saturday
235,2023/24,West Ham,Arsenal,0,6,A,Sunday
236,2023/24,Aston Villa,Man United,1,2,A,Sunday
237,2023/24,Crystal Palace,Chelsea,1,3,A,Monday
238,2023/24,Brentford,Liverpool,1,4,A,Saturday
239,2023/24,Burnley,Arsenal,0,5,A,Saturday
240,2023/24,Fulham,Aston Villa,1,2,A,Saturday
241,2023/24,Newcastle,Bournemouth,2,2,D,Saturday
242,2023/24,Nott'm Forest,West Ham,2,0,H,Saturday
243,2023/24,Tottenham,Wolves,1,2,A,Saturday
244,2023/24,Man City,Chelsea,1,1,D,Saturday
245,2023/24,Sheffield United,Brighton,0,5,A,Sunday
246,2023/24,Luton,Man United,1,2,A,Sunday
247,2023/24,Everton,Crystal Palace,1,1,D,Monday
248,2023/24,Man City,Brentford,1,0,H,Tuesday
249,2023/24,Liverpool,Luton,4,1,H,Wednesday
250,2023/24,Aston Villa,Nott'm Forest,4,2,H,Saturday
251,2023/24,Brighton,Everton,1,1,D,Saturday
252,2023/24,Crystal Palace,Burnley,3,0,H,Saturday
253,2023/24,Man United,Fulham,1,2,A,Saturday
254,2023/24,Bournemouth,Man City,0,1,A,Saturday
255,2023/24,Arsenal,Newcastle,4,1,H,Saturday
256,2023/24,Wolves,Sheffield United,1,0,H,Sunday
257,2023/24,West Ham,Brentford,4,2,H,Monday
258,2023/24,Brentford,Chelsea,2,2,D,Saturday
259,2023/24,Everton,West Ham,1,3,A,Saturday
260,2023/24,Fulham,Brighton,3,0,H,Saturday
261,2023/24,Newcastle,Wolves,3,0,H,Saturday
262,2023/24,Nott'm Forest,Liverpool,0,1,A,Saturday
263,2023/24,Tottenham,Crystal Palace,3,1,H,Saturday
264,2023/24,Luton,Aston Villa,2,3,A,Saturday
265,2023/24,Burnley,Bournemouth,0,2,A,Sunday
266,2023/24,Man City,Man United,3,1,H,Sunday
267,2023/24,Sheffield United,Arsenal,0,6,A,Monday
268,2023/24,Man United,Everton,2,0,H,Saturday
269,2023/24,Bournemouth,Sheffield United,2,2,D,Saturday
270,2023/24,Crystal Palace,Luton,1,1,D,Saturday
271,2023/24,Wolves,Fulham,2,1,H,Saturday
272,2023/24,Arsenal,Brentford,2,1,H,Saturday
273,2023/24,Aston Villa,Tottenham,0,4,A,Sunday
274,2023/24,Brighton,Nott'm Forest,1,0,H,Sunday
275,2023/24,West Ham,Burnley,2,2,D,Sunday
276,2023/24,Liverpool,Man City,1,1,D,Sunday
277,2023/24,Chelsea,Newcastle,3,2,H,Monday
278,2023/24,Bournemouth,Luton,4,3,H,Wednesday
279,2023/24,Burnley,Brentford,2,1,H,Saturday
280,2023/24,Luton,Nott'm Forest,1,1,D,Saturday
281,2023/24,Fulham,Tottenham,3,0,H,Saturday
282,2023/24,West Ham,Aston Villa,1,1,D,Sunday
283,2023/24,Newcastle,West Ham,4,3,H,Saturday
284,2023/24,Bournemouth,Everton,2,1,H,Saturday
285,2023/24,Chelsea,Burnley,2,2,D,Saturday
286,2023/24,Nott'm Forest,Crystal Palace,1,1,D,Saturday
287,2023/24,Sheffield United,Fulham,3,3,D,Saturday
288,2023/24,Tottenham,Luton,2,1,H,Saturday
289,2023/24,Aston Villa,Wolves,2,0,H,Saturday
290,2023/24,Brentford,Man United,1,1,D,Saturday
291,2023/24,Liverpool,Brighton,2,1,H,Sunday
292,2023/24,Man City,Arsenal,0,0,D,Sunday
293,2023/24,Newcastle,Everton,1,1,D,Tuesday
294,2023/24,Nott'm Forest,Fulham,3,1,H,Tuesday
295,2023/24,Bournemouth,Crystal Palace,1,0,H,Tuesday
296,2023/24,Burnley,Wolves,1,1,D,Tuesday
297,2023/24,West Ham,Tottenham,1,1,D,Tuesday
298,2023/24,Arsenal,Luton,2,0,H,Wednesday
299,2023/24,Brentford,Brighton,0,0,D,Wednesday
300,2023/24,Man City,Aston Villa,4,1,H,Wednesday
301,2023/24,Liverpool,Sheffield United,3,1,H,Thursday
302,2023/24,Chelsea,Man United,4,3,H,Thursday
303,2023/24,Crystal Palace,Man City,2,4,A,Saturday
304,2023/24,Aston Villa,Brentford,3,3,D,Saturday
305,2023/24,Everton,Burnley,1,0,H,Saturday
306,2023/24,Fulham,Newcastle,0,1,A,Saturday
307,2023/24,Luton,Bournemouth,2,1,H,Saturday
308,2023/24,Wolves,West Ham,1,2,A,Saturday
309,2023/24,Brighton,Arsenal,0,3,A,Saturday
310,2023/24,Man United,Liverpool,2,2,D,Sunday
311,2023/24,Sheffield United,Chelsea,2,2,D,Sunday
312,2023/24,Tottenham,Nott'm Forest,3,1,H,Sunday
313,2023/24,Newcastle,Tottenham,4,0,H,Saturday
314,2023/24,Brentford,Sheffield United,2,0,H,Saturday
315,2023/24,Burnley,Brighton,1,1,D,Saturday
316,2023/24,Man City,Luton,5,1,H,Saturday
317,2023/24,Nott'm Forest,Wolves,2,2,D,Saturday
318,2023/24,Bournemouth,Man United,2,2,D,Saturday
319,2023/24,Liverpool,Crystal Palace,0,1,A,Sunday
320,2023/24,West Ham,Fulham,0,2,A,Sunday
321,2023/24,Arsenal,Aston Villa,0,2,A,Sunday
322,2023/24,Chelsea,Everton,6,0,H,Monday
323,2023/24,Luton,Brentford,1,5,A,Saturday
324,2023/24,Sheffield United,Burnley,1,4,A,Saturday
325,2023/24,Wolves,Arsenal,0,2,A,Saturday
326,2023/24,Everton,Nott'm Forest,2,0,H,Sunday
327,2023/24,Aston Villa,Bournemouth,3,1,H,Sunday
328,2023/24,Crystal Palace,West Ham,5,2,H,Sunday
329,2023/24,Fulham,Liverpool,1,3,A,Sunday
330,2023/24,Arsenal,Chelsea,5,0,H,Tuesday
331,2023/24,Wolves,Bournemouth,0,1,A,Wednesday
332,2023/24,Crystal Palace,Newcastle,2,0,H,Wednesday
333,2023/24,Everton,Liverpool,2,0,H,Wednesday
334,2023/24,Man United,Sheffield United,4,2,H,Wednesday
335,2023/24,Brighton,Man City,0,4,A,Thursday
336,2023/24,West Ham,Liverpool,2,2,D,Saturday
337,2023/24,Fulham,Crystal Palace,1,1,D,Saturday
338,2023/24,Man United,Burnley,1,1,D,Saturday
339,2023/24,Newcastle,Sheffield United,5,1,H,Saturday
340,2023/24,Wolves,Luton,2,1,H,Saturday
341,2023/24,Everton,Brentford,1,0,H,Saturday
342,2023/24,Aston Villa,Chelsea,2,2,D,Saturday
343,2023/24,Bournemouth,Brighton,3,0,H,Sunday
344,2023/24,Tottenham,Arsenal,2,3,A,Sunday
345,2023/24,Nott'm Forest,Man City,0,2,A,Sunday
346,2023/24,Chelsea,Tottenham,2,0,H,Thursday
347,2023/24,Luton,Everton,1,1,D,Friday
348,2023/24,Arsenal,Bournemouth,3,0,H,Saturday
349,2023/24,Brentford,Fulham,0,0,D,Saturday
350,2023/24,Burnley,Newcastle,1,4,A,Saturday
351,2023/24,Sheffield United,Nott'm Forest,1,3,A,Saturday
352,2023/24,Man City,Wolves,5,1,H,Saturday
353,2023/24,Brighton,Aston Villa,1,0,H,Sunday
354,2023/24,Chelsea,West Ham,5,0,H,Sunday
355,2023/24,Liverpool,Tottenham,4,2,H,Sunday
356,2023/24,Crystal Palace,Man United,4,0,H,Monday
357,2023/24,Fulham,Man City,0,4,A,Saturday
358,2023/24,Bournemouth,Brentford,1,2,A,Saturday
359,2023/24,Everton,Sheffield United,1,0,H,Saturday
360,2023/24,Newcastle,Brighton,1,1,D,Saturday
361,2023/24,Tottenham,Burnley,2,1,H,Saturday
362,2023/24,West Ham,Luton,3,1,H,Saturday
363,2023/24,Wolves,Crystal Palace,1,3,A,Saturday
364,2023/24,Nott'm Forest,Chelsea,2,3,A,Saturday
365,2023/24,Man United,Arsenal,0,1,A,Sunday
366,2023/24,Aston Villa,Liverpool,3,3,D,Monday
367,2023/24,Tottenham,Man City,0,2,A,Tuesday
368,2023/24,Brighton,Chelsea,1,2,A,Wednesday
369,2023/24,Man United,Newcastle,3,2,H,Wednesday
370,2023/24,Arsenal,Everton,2,1,H,Sunday
371,2023/24,Brentford,Newcastle,2,4,A,Sunday
372,2023/24,Brighton,Man United,0,2,A,Sunday
373,2023/24,Burnley,Nott'm Forest,1,2,A,Sunday
374,2023/24,Chelsea,Bournemouth,2,1,H,Sunday
375,2023/24,Crystal Palace,Aston Villa,5,0,H,Sunday
376,2023/24,Liverpool,Wolves,2,0,H,Sunday
377,2023/24,Luton,Fulham,2,4,A,Sunday
378,2023/24,Man City,West Ham,3,1,H,Sunday
379,2023/24,Sheffield United,Tottenham,0,3,A,Sunday
